Author,Titulo,Review,OrigenAutor,FechaOpinion,FechaEstadia
,Hermoso,"Muy bonito y tranquilo. La iglesia del centro estaba en trabajo de restauraci√≥n al momento de nuestra visita, me imagino que como consecuencia del sismo del 2017; por esta raz√≥n, no fue posible acceder, pero por fuera es muy bella de cualquier modo y destaca con su color y su trabajo de talavera.Recomiendo mucho el tranv√≠a. Ayuda a ver todo con m√°s contexto y sin cansarse; adem√°s de que permite acceder a sitios que por el contrario no est√°n disponibles al p√∫blico.Cuando fuimos, nos toc√≥ escuchar m√∫sica en vivo y tambi√©n ver varios puestos de artesan√≠as. Recomiendo que visiten estos √∫ltimos para apoyar al comercio local y porque venden cosas de verdad incre√≠bles.Tambi√©n si ven campesinos ofreciendo sus productos, por lo general est√°n a mejor precio que en las grandes tiendas y obviamente son de mucho mejor frescura y calidad, as√≠ que son igualmente recomendables; adem√°s de que en cuesti√≥n de responsabilidad social-ambiental es mucho mejor comprarle a ellos que a WalMart.Todo est√° bonito aunque que a√∫n permitan la tauromaquia me parece impensable y est√∫pido, pero bueno. A√∫n as√≠ es un estado bonito.La pasamos muy bien aqu√≠. Hay mucha oferta gastron√≥mica, comercial y de museos atractivos. Sin duda volveremos.","Ciudad de M√©xico, M√©xico",31 de diciembre de 2023,dic de 2023
,TAN BELLA Y TRANQUILA COMO SIEMPRE,"Es la tercera vez que visito Tlaxcala, pero creo que esta √∫ltima vez, recorr√≠ m√°s a detalle sus calles. Me gusta la quietud, la limpieza y la belleza de esta ciudad. Me gusta ver sus calles coloniales impregnadas de historia.  Es una ciudad hermosa, con un clima perfecto y una historia fascinante. Es cuna de mucha de la historia de M√©xico. Adem√°s de poseer una gastronom√≠a envidiable. Tlaxcala es peque√±o, pero tiene mucho que ofrecer. Sin duda, s√∫per recomendable para visitar y conocer encantadores rincones de nuestro bello M√©xico.","Canc√∫n, M√©xico",5 de noviembre de 2023,nov de 2023
,Un pueblo que vale la pena conocer ,Un pueblo muy pintoresco bonito para una visita de fin de semana con lugares agradables donde ir y zonas muy culturales e hist√≥ricas se puede recorrer caminando muy f√°cilmente todo est√° muy cercano y en todos lados tienen buenos precios.,,16 de julio de 2023,jul de 2023
,Cada d√≠a m√°s agradecidos,"Una ciudad que ofrece cada vez m√°s. No solo es su centro sino sus alrededores. Tomamos el bus que da un recorrido por el centro y muy ameno por solo 90 pesos pudimos conocer un poco m√°s de la historia de esta hermosa ciudad.Nos toc√≥ ver un evento por el d√≠a internacional de la danza y estuvo muy lindo, compramos tambi√©n ropa que no fue para nada cara.Lo que me parece es que no hay opciones para los ni√±os peque√±os que puedan entretenerse que no sea caminar por las  fuentes, eso s√≠ opciones de restaurantes y bares empiezan a abundar, tal vez pensar un poco en los peques y tener parques p√∫blicos cercanos ser√≠a una gran opci√≥n.","Ciudad de M√©xico, M√©xico",1 de mayo de 2023,abr de 2023
,Gran ciudad,¬°Era simplemente un lugar incre√≠ble para visitar! Camin√© y sent√≠ seguridad! ¬°La comida en los camiones de comida es sana y limpia! ¬°La gente es amable y las visitas tur√≠sticas son incre√≠bles!,"San Salvador, El Salvador",7 de abril de 2023,mar de 2023
,Tlaxcala si existe,"De lo bueno poco. Muy bonito lugar,  buena comida, lugar hist√≥rico, tranquilo y hermoso. Solo que la foto que ha puesto Tripadvisor para calificar, no corresponde al centro hist√≥rico de Tlaxcala, sino a Val¬¥Quirico que es otro atractivo que no pertenece al centro hist√≥rico","Ciudad de M√©xico, M√©xico",20 de agosto de 2022,ago de 2022
,Ciudad muy limpia,"Es una excelente opci√≥n para descansar y disfrutar agradables vistas, muy buenos lugares para comer y probar el pulque. La ciudad es limpia ordenada, tranquila y sus vecinos son amables en general.","Cuernavaca, M√©xico",13 de junio de 2022,jun de 2022
,Para disfrutarlo,"El centro hist√≥rico se extiende desde la Plaza de la Constituci√≥n donde se ubican las letras multicolores: ""Tlaxcala"".Sus portales, Edificios coloniales,  portales, plazas, museos e iglesias te har√°n part√≠cipe de la experiencia hist√≥rica.Disfr√∫talo porque: La VIDA...es un VIAJE!","Ciudad de M√©xico, M√©xico",17 de abril de 2022,abr de 2022
,Un agradable entorno colonial,"Es agradable caminar el centro hist√≥rico de Tlaxcala, la plaza principal tiene un entorno pintoresco con  los edificios coloniales y sus portales; donde hay restaurantes y bares para pasar un rato ameno.Se pueden visitar algunos parques con √°rboles , esculturas y zona de restaurantes con terrazas.Puedes finalizar ascendiendo al Ex convento de Nuestra Se√±ora de la Asunci√≥n  desde donde tienes buena vista de una parte de la ciudad y de la Plaza de toros que tiene una bonita arquitectura.Disfruta del centro hist√≥rico de Tlaxcala porque: ¬°La VIDA...es un VIAJE!","Ciudad de M√©xico, M√©xico",3 de agosto de 2021,may de 2021
,Una peque√±a italia,Lugar super lindo para visitar en familia o en pareja se puede disfrutar m√°s ya que tiene lugares y resto super rom√°nticos para una buena comida y una copa de vino imperdible si visitas tlaxcala,"Tlaxcala, M√©xico",16 de agosto de 2020,ago de 2020
,"Visita a Tlaxco, Tlaxcala","Tlaxco es un pueblo m√°gico ubicado en el estado de Tlaxcala, se encuentra al norte de la capital y es un lugar muy conocido por la creaci√≥n del queso. Adem√°s puedes hacer actividades al aire libre y ecoturismo. Se recomienda ir abrigados, el clima suele ser fr√≠o.","Texcoco, M√©xico",23 de junio de 2020,sept de 2019
,PASEO PARA DISFRUTAR ,"Esta es una ciudad en la cual merece la pena disfrutar de un paseo por su centro hist√≥rico e ir viendo y disfrutando de cada rinc√≥n y de los monumentos, Catedral de la Ascensi√≥n, murales, paseo de Gobierno...Ir recorriendo la ciudad, sentarse en una cantina y disfrutar de una buena comida en cualquier de sus restaurantes","Oviedo, Espa√±a",19 de septiembre de 2019,sept de 2019
,Tlaxcala es un must see de M√©xico ,"La verdad iba con cero expectativas sobre Tlaxcala, pero WOW! Es un lugar con much√≠simos lugares que puedes conocer, turistear, degustar. Qued√© enamorada de este estado","Puerto Vallarta, M√©xico",5 de agosto de 2019,ago de 2019
,Peque√±o con mucha historia,"El centro de Tlaxcala est√° lleno de vida e historia. Cuenta con tiendas, boutiques, galer√≠as, museos, templos, edificios con arquitectura muy antigua, catedrales, restaurantes, caf√©s al aire libre y mucho m√°s. Puedes tomar el tranv√≠a tur√≠stico y conocer a fondo todas las atracciones que ofrece ese lindo lugar.","Ciudad de M√©xico, M√©xico",7 de mayo de 2019,may de 2019
,"Fresco, divertido y barato","Una tarde maravillosa en un lugar genial. Econ√≥mico y de una tranquilidad excepcional, accesible en Cuanto a costo y una gastronom√≠a de lujo.","Tlaxcala, M√©xico",13 de abril de 2019,ene de 2019
,Buen recorrido de un dia ,"Puedes recorrer todo el centro hist√≥rico y sus principales lugares en un d√≠a, comer bien y conocer de la cultura de Tlaxcala. ","Ciudad de M√©xico, M√©xico",16 de marzo de 2019,mar de 2019
,Un buen sitio para visitar en fin de semana,"El centro hist√≥rico de Tlaxcala tiene una hermosa iglesia, construcciones coloniales y plaza de toros. Queda cerca de la CDMX y es una visita que te va a sorprender gratamente.","Ciudad de M√©xico, M√©xico",3 de marzo de 2019,feb de 2019
,Muy tranquilo,No hay mucho que observar pero sin duda el mejor d√≠a para ir es viernes o s√°bado el domingo es muy tranquilo tanto que es un tanto de flojera pero los d√≠as viernes por las tardes hay danz√≥n y el ambiente se vuelve muy familiar Como para tomar un caf√© en sus portales y ya puesto que la comida no es buena y mucho menos es barata,"Tlaxcala, M√©xico",27 de enero de 2019,ene de 2019
,Excelente Ciudad mucha historia ,"Excelente comida y pulque , en una ciudad muy interesante con museos y construcciones de m√°s de 400 a√±os y para los amantes del pulque aqu√≠ encontrar√°s los mejores curados y natural de mucha calidad y frescos ","Metepec, M√©xico",10 de enero de 2019,ene de 2019
,Mundo magico,"Lo hermoso es que cada lugar que lo conforma mantiene su cultura, traducion comida mucha comida tipica para saborear cada momento","Canc√∫n, M√©xico",23 de noviembre de 2018,nov de 2018
,Es un lugar muy tranquilo para pasarla bien y conocer por su historia,"Es un lugar muy tranquilo para pasearse por su historia, cuenta con un turibus, existe una gran variedad de restaurantes para desayunar, almorzar, comer o cena, cuenta con una variedad de hoteles muy cerca del centro, los viernes o s√°bados por la tarde hay danz√≥n, as√≠ como lugares para ir a bailar, es una muy buena opci√≥n para divertirse!",,20 de noviembre de 2018,nov de 2018
,Ciudad muy linda ,"Todo el centro lo puedes caminar, todo est√° cerca, la plaza de toros, peque√±a pero muy bonita e hist√≥rica, primera en Mexico, la catedral muy original con impresionantes retablos barrocos, diferente a cualquier catedral, tambi√©n primera construida tras la conquista, el z√≥calo muy bonito, tiene un kiosco en el centro, no te pierdas los murales del centro de gobierno, donde est√° plasmada la historia de los tlaxcaltecas ",,7 de noviembre de 2018,nov de 2018
,Recomendable ,"Agradable el lugar, lleno de cosas por hacer y ver, gente amable, ambiente padre, incre√≠ble lugar recomendable ir.","Montevideo, Uruguay",5 de noviembre de 2018,nov de 2018
,un lugar muy bonito,"al llegar jno o piensa que en el ce ntro ghistorico este tan bien arreglado, limpio y con mucgos sitos que visitar, vale la pena ir a la plaza de toros, a la iglesia, al palacio municipalc en donde hay murales muy intersantes","Naucalpan de Ju√°rez, M√©xico",29 de octubre de 2018,ago de 2018
,"Limpio y sobrio, espectacular ","El centro hist√≥rico de Tlaxcala es un lugar apacible, limpio y bien cuidado, me gusta mucho la plaza principal y sus portales, donde la oferta gastron√≥mica se ha enriquecido, hoy se pueden encontrar lugares para todos los gustos, comida mexicana e internacional. Es un excelente lugar para pasar un rato agradable solo o en familia o con amigos. ","M√©rida, M√©xico",28 de octubre de 2018,oct de 2018
,Innolvidable,"Nunca hab√≠a estado en un z√≥calo tan m√°s tranquilo, aqu√≠ realmente se respira la calma de la provincia. Excelente para dar un paseo con tu pareja, con tu familia o tu solo, es un verdadero placer respirar tanta tranquilidad. Existen muchos establecimientos de comida en los portales y muchas opciones para s√≥lo sentarse, tomar algo y relajarse. ","Puebla, M√©xico",1 de octubre de 2018,oct de 2018
,Hermoso,"Un lugar tranquilo con su belleza unica y con tanta historia su duda regresare con mas tiempo pars conocer mas a fondo aunqe es peque√±o tiene mucho que ofrecer, ü§ó",,5 de septiembre de 2018,jul de 2018
,EL PULQUE,"En Tlaxcala beber√°s el mejor pulque., recorrer√°s sus calles, palacio municipal, artesan√≠as, iglesia, plaza de toros, restaurantes., y si te toca un d√≠a festivo ser√° mejor. Es peque√±o pero excelente para despejarte un fin de semana. Aqu√≠ la vida se la toman con calma, lo notar√°s en el servicio tan lento en todos los lugares, pero es cuesti√≥n de relajarse y disfrutar cada momento. ","Ciudad de M√©xico, M√©xico",21 de agosto de 2018,ago de 2018
,"Tranquilo y pintoresco""","Un lugar de los a√∫n tranquilos en el pa√≠s, puedes conocerlos tomando el turibus frente de la oficina de correos, la comida es econ√≥mica, los que est√°n en muy mal estado son los ba√±os p√∫blicos que hay, falta hacer algo urgente para que den mejor servicio.","Tampico, M√©xico",14 de agosto de 2018,jul de 2018
,Bonito y Pintoresco,"Un lugar muy bonito para visitar en familia, tiene restaurantes alrededor, los fines de semana se pone un tianguis y venden de todo, la Catedral Templo de San Francisco de As√≠s est√° muy bonita, en el atrio hay un torre√≥n con historia, tambi√©n vale la pena visitar la plaza de toros que aunque es peque√±a tambi√©n tiene mucha historia.","Cuernavaca, M√©xico",9 de agosto de 2018,ago de 2018
,Muy bonito,"Es un lugar lleno de historia, muy bonito, se presta mucho para lo rom√°ntico y hay gran variedad de restaurantes ","Mazatl√°n, M√©xico",8 de agosto de 2018,ago de 2018
,Estado limpio y seguro,"El centro hist√≥rico esta  limpio  y se ve  conservado,  en palacio de  gobierno  los  murales  te cuentan la  historia del estado adentr√°ndote  a  la √©poca, costos accesibles  venta  de  artesan√≠a muy  bonita..","Tlaxcala, M√©xico",6 de agosto de 2018,ago de 2018
,CHIQUITO PERO BONITO,"Tlaxcala es el estado muy peque√±o pero no por eso deja de ser encantador, tiene comida muy rica, y lugares hermosos que visitar, tan solo en el centro est√°n los murales del palacio, la plaza de toros, lo que queda del convento, las escaleras que dan al monumento,","Colima, M√©xico",29 de julio de 2018,jul de 2018
,El centro hist√≥rico m√°s peque√±o de M√©xico (as√≠ nos dijeron),"Es bonito el centro de Tlaxcala, peque√±o (una hora para caminar) tiene puestesillos de comida y el ambiente es muy tranquilo, es una l√°stima que se haya da√±ado tanto la iglesia y varias cosas tanto el sismo del a√±o pasado, se ve que si lo est√°n restaurando, esperemos que pronto lo terminen para que recobre su esplendor.","Pachuca, M√©xico",23 de julio de 2018,jul de 2018
,Pintoresco y encantador.,"Conocer el coraz√≥n de Tlaxcala ha sido una grata experiencia. Un recorrido que se puede hacer caminando y conociendo la arquitectura, los establecimientos, la cultura, todo es gratamente encantador.","Ciudad de M√©xico, M√©xico",23 de julio de 2018,oct de 2017
,Relajante ,"Es un lugar tranquilo donde puedes andar por en centro caminando, ir a la catedral y comprar antojitos, hay estacionamientos a cuadra o 2 del centro. Ah√≠ puedes adquirir tour a las luci√©rnagas. El museo taurino me gustoüëçüèª","Maravat√≠o, M√©xico",19 de julio de 2018,jul de 2018
,peque√±o y encantador,"Es uno de los centros hist√≥ricos m√°s peque√±itos de M√©xico, pero eso le da un encanto especial. Si visitas las zonas arqueol√≥gicas o Balnearios de la zona, bien vale la pena recorrer a pie el centro de Tlaxcala. *TIP: Procura visitar esta zona temprano. As√≠ encontrar√°s m√°s actividad y seguridad.","Ciudad de M√©xico, M√©xico",25 de mayo de 2018,may de 2018
,Agradable paseo,"Muy agradable paseo (en ocasiones un poco inclinado), que te permite visitar calles, plazas e iglesias muy agradables.En particular la iglesia y el atrio situados arriba y la plaza de toros son muy bonitos.","Madrid, Espa√±a",12 de marzo de 2018,feb de 2018
,Se recorre caminando,"Toda la  zona se puede recorrer caminando, las plazas e iglesias, que cuando estuvimos ah√≠ no pudimos ingresar porque estaban en reparaci√≥n por el sismo; pero uno de verdad encuentra lugares para fotograf√≠a, d√≥nde comer muy rico y conocer la historia de esta ciudad.","Colima, M√©xico",20 de enero de 2018,ene de 2018
,Buen lugar,"Les recomiendo conozcan el centro de Tlaxcala el lugar es muy bonito y limpio. En este momento el √∫nico inconveniente es que tienen cerrada la catedral, debido a que se lastim√≥ con el sismo.Pero pueden caminar por el resto de la plaza,‚Äôtomar un helado y dar un paseo por el acueducto ","Ciudad de M√©xico, M√©xico",8 de enero de 2018,dic de 2017
,Primeras impresiones de Tlaxcala ,"Me he llevado una sorpresa al conocer la vida en el centro de Tlaxcala. Es una ciudad tranquila que ofrece pocas actividades para sus visitantes. En el cuadro central hay opciones para tomar alimentos al aire libre (predominan los men√∫s italiano-gringo) mientras ves a la gente caminar en el parque.La oferta de lugares por visitar es escasa. Lo que me vali√≥ la pena en mi visita fue apreciar los extraordinarios murales en el palacio de gobierno.A causa de los recientes sismos, la iglesia principal se vio afectada y est√° cerrada al p√∫blico.","Atizap√°n de Zaragoza, M√©xico",3 de noviembre de 2017,nov de 2017
,Qu√© bonita est√°s Tlaxcala ! ,"No se porque tarde tanto en venir, est√° s√∫per bonito bueno restaurantes, actividades, cultura y todo a la vuelta de la esquina. La ropa bordada y tradicional es muy barata . Apoyen a las familias locales son productos de muy buena calidad . ","Ciudad de M√©xico, M√©xico",16 de octubre de 2017,jul de 2017
,Incre√≠ble ,Es un centro hist√≥rico peque√±o. Pero lleno de maravillas. Es como una ciudad miniatura llena de sorpresas en cada esquina . el parque central es bell√≠simo y est√°n marcado por una catedral espectacular y el convento es incre√≠ble,"Ciudad de M√©xico, M√©xico",18 de septiembre de 2017,sept de 2017
,Sorprendentemente bonito.,"Al igual que a muchas personas, me sorprendi√≥ lo bonito que es el centro de Tlaxcala, no s√© por qu√© no lo han explotado tur√≠sticamente. Est√° limpio, ordenado, tiene lugares interesantes como el ex convento que ahora es museo, sus puestos de artesan√≠as son lindos. La zona de restaurantes tambi√©n est√° bonita.","Naucalpan de Ju√°rez, M√©xico",2 de septiembre de 2017,jul de 2017
,muy bonito,"Bonito e interesante. Se puede recorrer a pie y visitar iglesias, plazas, museos etc.Est√° muy limpio.","Morelia, M√©xico",17 de agosto de 2017,ago de 2017
,Un lugar s√∫per tranquilo,"Si est√°n estresados y quieren descansar este es un excelente lugar Es muy tranquilo , se come bien y es muy peque√±o f√°cil de recorrer Adem√°s de ser muy limpio y pintoresco","Ciudad de M√©xico, M√©xico",9 de agosto de 2017,ago de 2017
,muy tranquilo para caminar,"Pocas ciudades te dan jardines y plazas tan variadas y cercanas una de la otra, adem√°s de que caminas con seguridad pues es muy tranquila, bonitos jardines, bien cuidados, estatuas y dem√°s, debes probar el agua que hacen con cacao muy refrescante, y los huesitos de capulin tostados y salados como semillas de calabaza, el fin de semana en muchos hay espectaculos y en el Xicotencatl un basar donde se pueden encontrar prendas de telar, gabanes, saltillos o bordados a mano de muy buena calidad y precio","Valle de Bravo, M√©xico",9 de agosto de 2017,jul de 2017
,Muy bonito e inesperado,El centro de Tlaxcala es mucho m√°s de lo que esperaba. Buena oferta de restaurantes. Un buen sitio para pasar el d√≠a o un fin de semana.,"Ciudad de M√©xico, M√©xico",17 de julio de 2017,jul de 2017
,Linda ciudad,"Iniciamos en la Plaza de la Constituci√≥n y desayunamos en los Portales en un restaurante que se llama ""Jard√≠n Plaza"". Muy lindo, buen servicio y barato.Fuimos a ver los murales del Palacio de Gobierno, a la Parroquia de San Jos√©, vimos la Casa de Piedra y caminamos por el mercado de artesan√≠as hacia la calzada de San Francisco, vimos la catedral (muy austera, pero linda) y a lo lejos, vimos la Plaza de toros.Unas tres horas que le dediques a conocer Tlaxcala es m√°s que suficiente.Lindo, austero, limpio, pero un poco descuidadas sus iglesias.","Ciudad de M√©xico, M√©xico",11 de julio de 2017,jul de 2017
,muy pintoresco,"vale la pena recorrer sus coloridas calles, y comprar las hermosas artesanias, y ni se diga el saborear sus exquisitos antojitos, y venden muchas cerezas y litchis, bueno sin duda tienen que probar los deliciosos elotes pintos o azules y los panes de nata.","San Luis Potos√≠, M√©xico",10 de julio de 2017,jul de 2017
,Bonita ciudad con mucha historia,"Una bonita ciudad. No esperaba encontrarme con esto y me sorprendi√≥. Muy antigua y llena de tradici√≥n, color y cultura. El recorrido caminando es mejor que en auto","Canc√∫n, M√©xico",21 de mayo de 2017,may de 2017
,Un lugar muy bello.,"El centro hist√≥rico es peque√±o y se puede recorrer a pie; sin embargo, a cada paso se encuentran monumentos arquitect√≥nicos antiguos para maravillarse: iglesias, plaza de toro, capilla abierta, plazuelas, tianguis, restaurantes, caf√©s y mucho mas. No olviden tomar el t√≠pico pulque. El trato de la gente bastante amable. ¬°Me encant√≥!","Veracruz, M√©xico",14 de mayo de 2017,may de 2017
,"Una caminata por el Centro Hist√≥rico de Tlaxcala, PADRISIMA!!!","Hace unos d√≠as nos fuimos en Familia a recorrer el Z√≥calo de Tlaxcala, la verdad la caminata estuvo muy padre ver y disfrutar los puestos de artesan√≠as, los museos, las iglesias, la plaza de toros, el mirador. Es subirte al tranv√≠a, tomar un helado y no puedes dejar de ir a probar los curados (pulque), te recomiendo el curado de pi√±√≥n!!!!.Te la vas a pasar super bien!!!","M√©xico Central y Costa del Golfo, M√©xico",9 de mayo de 2017,may de 2017
,Hermoso lugar,"Conocer al capital de Tlaxcala es placentero para los que gustan de un ambiente c√°lido, un lugar ordenado y limpio. Me encanta visitar el centro de Tlaxcala por su tranquilidad y cosas por hacer, como visitar los museos que se encuentran en los alrededores del Z√≥calo. Muy recomendable.","Puebla, M√©xico",24 de abril de 2017,feb de 2017
,Obligada la visita,"Una visita obligada es este precioso Centro Hist√≥rico. Podr√°s visitas los portales, llenos de restaurantes de comida t√≠pica. Los murales del Palacio de Gobierno. Sus preciosas fuentes. Muy recomendable.","Tlaxcala, M√©xico",18 de abril de 2017,abr de 2017
,Muy bonito,"Es un centro peque√±o, muy pintoresco, lo recorres en un d√≠a, tiene locales y puestos de artesan√≠as y dulces t√≠picos, muy recomendable para una tarde tranquila.",,20 de marzo de 2017,mar de 2017
,Seguro y caminable,"El lugar se presta para una buena caminata y descanso para comer. Hay muy buenas vistas, si subes las respectivas escaleras. Un lugar lleno de historia","Cuernavaca, M√©xico",11 de marzo de 2017,mar de 2017
,Muy aut√©ntico ,En el centro de Tlaxcala se puede apreciar un M√©xico aut√©ntico sin la distorsi√≥n de las ciudades muy tur√≠sticas. Uno se puede mover por sus calles con la m√°xima tranquilidad y apreciar sus hermosas construcciones y la amabilidad de su gente. El ex convento Franciscano es parada obligada siendo una de las iglesias y construcciones m√°s antiguas de M√©xico. Sinceramente vale la pena pasar un par de d√≠as en esta ciudad. Volver√≠a siempre.,"Buenos Aires, Argentina",18 de febrero de 2017,feb de 2017
,Domingo en el centro de Tlaxcala,"es uy tranquilo, puedes llevar a tus mascotas, disfrutar de un helado, comer rico y comprar artesanias",Tlaxcala Mexico,15 de febrero de 2017,feb de 2017
,Un paseo reconfortante y con una deliciosa sorpresa.,"De visita familiar en la capital del estado optamos por visitar el Centro Hist√≥rico, un paseo ameno donde tuvimos la oportunidad de adquirir algunos productos que ahi se ofrecen, ademas de una interesante visita a los lugares cercanos que son parte de la historia de Tlaxcala, grata fue la sorpresa de encontrar artesan√≠as, dulces t√≠picos pero sobre todo para los peque√±os la incre√≠ble oportunidad de ofrecer alg√∫n peque√±o bocadillo a unas simp√°ticas ardillas que suelen estar en los arboles del parque, un momento sin duda especial y pudimos constatar el respeto por parte de los paseantes hacia estos animalitos, de manera casi inesperada encontramos un peque√±o negocio donde amablemente nos ofrecieron la tradicional prueba de una bebida tan antigua como la historia misma de esta parte del pa√≠s, un redescubrimiento para un servidor de la cual hab√≠a escuchado pero lejos estaba de imaginar tener el verdadero placer de probar, les hablo de una bebida a base de ma√≠z y cacao con un delicioso aroma a vainilla, servido en unas curiosos recipientes, frio y refrescante, con un sabor tan peculiar que embruja al paladar; fue el complemento perfecto para una soleada y calurosa tarde descansando en una banca a la sombra de los arboles disfrutando de tan singular bebida, en resumen un lugar apacible para recorrer y admirar los edificios, conocer un poco de la historia y como quien escribe, un encuentro inesperado y m√°gico con la historia esta vez plasmada en sus sabores.","Apizaco, M√©xico",5 de febrero de 2017,feb de 2017
,Grata sorpresa,"Antes de visitar la ciudad de Tlaxcala le√≠a muchos comentarios negativos sobre esta ciudad, no se dejen enga√±ar, el centro hist√≥rico es muy bonito y extenso, adem√°s de un gran ambiente que se siente en este lugar. Grata sorpresa el centro de Tlaxcala. ","Zacatecas, M√©xico",16 de enero de 2017,ene de 2017
,Ciudad tranquila para visitar,"Ciudad muy pintoresca con vestigios coloniales, plazas, iglesias y posadas. Cualquier rinc√≥n tiene algo que hace resaltar el conjunto de la ciudad.","Castell√≥n de la Plana, Espa√±a",30 de diciembre de 2016,dic de 2016
,Peque√±o pero interesante,"Hay algunas cosas por visitar, como museo de la memoria, la plaza de Xicotencatl, el museo de arte, el tranv√≠a, la catedral, y algunos bares-cafesitos y restaurantes. ",Ciudad de Mexico,21 de diciembre de 2016,dic de 2016
,Tranquilo,"La ciudad esta a poco mas de una hora de puebla es colonial, muy tranquila, y con historia, adem√°s de personas muy amables","Bogot√°, Distrito Especial, Colombia",25 de noviembre de 2016,nov de 2016
,Hermoso,"Ve a este hermoso pueblo es tranquilo y m√°gico....  el centro es de lo mejor que tiene, as√≠ como su comida.","Ciudad de M√©xico, M√©xico",23 de noviembre de 2016,jul de 2016
,"Sucio, con puestos ambulantes y vendimia","Arquitect√≥nicamente es muy bonito, pero en las 2 plazas lleno de basura, puestos ambulantes, los jardines descuidados, los cl√°sicos payasitos invadiendo las banquetas, inflables, lastima","Ciudad de M√©xico, M√©xico",31 de octubre de 2016,oct de 2016
,Lugar con mucha historia,Es importante recorrer el centro de la ciudad es muy importante para la cultura y aprovechar la tranquilidad de la ciudad,"Pachuca, M√©xico",30 de octubre de 2016,oct de 2016
,Recorrido ,Tlaxcala es un lugar de sorpresas desde el museo de historia ubicado en un edificio hist√≥rico hasta la gastronom√≠a regional. La gente es amable y te ayudan en caso necesario. El recorrido lo hice a pie y la pas√© muy bien. Precios accesibles ,"Ciudad de M√©xico, M√©xico",22 de octubre de 2016,ene de 2016
,Lindo paseo,Esta muy cerca del Df y si tienes suerte en tu visita podr√°s ver los volcanes. Tlaxcala es el estado mas peque√±o de Mexico y tiene en sus calles mucha historia y encanto. Para ir un fin de semana o solo a almorzar es perfecto. En su z√≥calo puedes encontrar muchas artesan√≠as baile y gastronom√≠a tipicia.Definitivamente es muy recomendable para un paseo corto y feliz,"Ciudad de M√©xico, M√©xico",17 de octubre de 2016,sept de 2016
,Hermoso lugar!,"Vale la pena visitar, lindo lugar, super tradicional, la gente muy amable, el clima en esta temporada con lluvias por la tarde.",,12 de octubre de 2016,oct de 2016
,UN LUGAR ENCANTADOR Y CON MUCHA HISTORIA,"definitivamente es un lugar que tienes que conoces, hay muchas cosas que hacer y que bien puedes recorrerlo en un par de dias, me encanto que todo esta cerca y que un tour de un par de horas te puede mostrar lo mas importante e interesante de este lugar, me encanto que tienes lugares cerca ya que caminando llegas a todos lados, recomiendo que te quedes en un hotel lo mas cerca del centro ya que todo esta en esa zona.","Ciudad de M√©xico, M√©xico",20 de septiembre de 2016,sept de 2016
,El encanto de provincia ,"Tlaxcala es un estado muy peque√±o y su centro hist√≥rico se recorre muy r√°pido, as√≠ que este es uno de los lugares que puedes disfrutar poco a poco. Dar un paseo por el z√≥calo y sus portales donde hay cafeter√≠as para sentarse y contemplar el entorno, despu√©s visitar el mercado de la plaza adjunta ""plaza Xicohtencatl""  y comprar artesan√≠as y recuerdos, probar el pulque, conocer el ex convento de san Francisco y la bonita plaza de toros; as√≠ como la iglesia de San Jos√© y los interesantes murales del palacio de gobierno, donde se plasma la historia de Tlaxcala y pasar un agradable d√≠a sin estr√©s, porque este es uno de los lugares donde se respira la calma y el encanto de la provincia.","Tlaxcala, M√©xico",13 de septiembre de 2016,mar de 2016
,El encanto de la provincia mexicana.,"VIsitar el centro hist√≥rico de Tlaxcala es conocer una de las ciudades m√°s antiguas de M√©xico, pues existe desde √©pocas precolombinas. Orgullosos de su independencia, los tlaxcaltecas te reciben con los brazos abiertos. En esta ciudad se estableci√≥ uno de los primeros franciscanos m√°s humanistas llegados poco despu√©s de la conquista militar espa√±ola y que protegi√≥ a los ind√≠genas: Fray Toribio de Benavente ""Motolinia"". Caminar por estas calles es recordar ese pasado que ya se fue pero que nos marc√≥ como pa√≠s.",,21 de agosto de 2016,jul de 2016
,Muy lindo lugar,"Recomiendo tomar el tranv√≠a gratuito, solo dejan propina, que sale desde la oficina de correos en el Z√≥calo, con gu√≠a que explica los puntos m√°s importantes de la ciudad y hace parada en la bas√≠lica de nuestra se√±ora de Ocotl√°n, por cierto no se la pueden perder, √©sta queda un poco m√°s lejos. Es una ciudad chica, pero tiene mucho por ver. Los murales del palacio de gobierno son espectaculares, todo se puede visitar a pie.","Yautepec, M√©xico",20 de agosto de 2016,ago de 2016
,bonito lugar,Tlaxcala me pareci√≥ un lugar muy bonito y tranquilo.  Su mercado por los s√°bados en la ma√±ana ofrece comida tradicional muy rica. ,"Zamora de Hidalgo, M√©xico",13 de agosto de 2016,ago de 2016
,Ciudad c√°lida,"Tlaxcala, una ciudad hermosa, limpia, con clima incre√≠ble y sobre todo con la gente m√°s c√°lida que he conocido. Al ser una ciudad con tanta historia, puedes encontrar variedad infinita de arquitectura, gastronom√≠a, cultura y artesan√≠as, que vale la pena totalmente conocer.Cada paso en Tlaxcala, es una sorpresa, ya que ha sido una pieza importante en la historia de M√©xico. Si lo que quieres es hacer algo totalmente distinto, te recomiendo que visites Tlaxcala, es una ciudad que vale la pena conocer.","Morelia, M√©xico",13 de agosto de 2016,ago de 2016
,Un lugar agradable.,"Es un lugar limpio, con bonita arquitectura, tranquilo y con mucha historia, me llev√© una grata sorpresa y me gustar√≠a volver con m√°s tiempo porque en realidad tuve pocos d√≠as para disfrutar de este lugar.","Ciudad de M√©xico, M√©xico",11 de agosto de 2016,jun de 2016
,Hermoso,"Buen lugar para un paseo, los √°rboles son preciosos. Hay un mont√≥n de restaurantes cerca. Lugar muy seguro y limpio.","Mundolsheim, Francia",3 de agosto de 2016,ago de 2016
,Tlaxcala guarda secretos hermosos...,"Pareciera que Tlaxcala no tiene nada que ofrecer pero no es as√≠. El centro de la ciudad nos lleva directo a la √©poca colonial. El palacio de gobierno y la iglesia que esta a un costado son solo una probadita de todo lo que tiene esta hermosa ciudad. Hay museos, restaurantes, cafeter√≠as, artesan√≠as, y unas nieves deliciosas en el tianguis que esta a un ladito de los portales. Pasa un dia entero lleno de aventuras junto con tu familia!","Ciudad de M√©xico, M√©xico",24 de julio de 2016,jul de 2016
,"No esperaba un lugar tan agradable, grata sorpresa.","El centro hist√≥rico est√° totalmente remodelado, sin cableado a√©reo, muy bonito, con restaurantes agradables. El s√°bado y domingo hay tianguis. Recomiendo subir hacia el convento de san Francisco y bajar por la Calle del vecino. ","Cuernavaca, M√©xico",22 de julio de 2016,jul de 2016
,"Mucha historia, tradiciones y lugares de inter√©s","Un pueblo muy interesante en su hisotria, costumbres, lleno de haciendas, iglesias y ecoturismo. El centro es pintoresco donde puedes pasarte un fin de semana comiendo muy sabroso y con muchas cosas que hacer y visitar. ",mexico,17 de julio de 2016,jul de 2016
,Bonito lugar ,"Lugar muy tranquilo, con portales a un lado donde comer y tomar tranquilamente . Bien conservado. Eso s√≠, todo lo abren como a las 9-10 AM ",,16 de julio de 2016,jul de 2016
,Gran lugar para caminar y hacer visto,"Un lugar muy agradable para caminar, la arquitectura, la gente quienes son muy amables, lugar seguro.Comida en el centro es regular, nada especial que comentar, ir a la oficina de turismo y tome algo de informaci√≥n impresa.Tome el autob√∫s de la ciudad tur√≠stica.","Ciudad de M√©xico, M√©xico",11 de julio de 2016,jul de 2016
,Un poco de todo... aunque muy mal que se siga defendiendo la tauromaquia,"El centro hist√≥rico de Tlaxcala es un bonito lugar para visitar y recorrer con calma disfrutando de todos los elementos que lo componen: la visita a los Murales de Desiderio Hern√°ndez Xochitiotzin (a mi entender lo mejor de Tlaxcala), la m√∫sica en su kiosko, el z√≥calo y su entorno, la callecita que lleva a la Plaza de Toros y aqu√≠ es donde Tlaxcala entra en conflicto conmigo porque no concibo que a√∫n permanezca arraigada esta barbarie. Ir a Tlaxcala es encontrarte a cada paso con defensores de esta crueldad y a m√≠ esta situaci√≥n me saca de onda. Tlaxcala es un estado peque√±o pero lleno de historia que hay que visitar.","Puebla, M√©xico",26 de junio de 2016,jul de 2015
,"Agradable, limpio","Los jardines est√°n bien cuidados. La ciudad limpia. El ambiente tranquilo. Se notan varios polic√≠as, no s√© porqu√©. Todo se nota tranquilo.","Naucalpan de Ju√°rez, M√©xico",25 de junio de 2016,jun de 2016
,Palacio Legilative Tlaxcalas,"El Palacio Legislativo de Tlaxcala est√° ubicado en el centro hist√≥rico al final de Ju√°rez. Una vez fue la estaci√≥n de autob√∫s donde Mulos sac√≥ los carros en las v√≠as para una distancia de seis o siete millas.El edificio tiene un techo de cristal y una mancha que contiene el mural de los escudos her√°ldicos de 60 municipios. unidos No hay cuota de entrada, a pedir permiso a la guardia en la puerta delantera. A veces tienen pintura y exposiciones hist√≥ricas.","APIZACO, TLAXCALA",22 de junio de 2016,dic de 2015
,Una tarde agradable y tradicional,"El Centro Hist√≥rico de Tlaxcala es uno de los pocos lugares, en donde puedes pasar un agradable momento en familia sin importar mucho las edades (claro a veces depende de la hora) pero es un lugar al que la tradici√≥n, sabor y colores no le faltan.Hay artesan√≠as y artesanos haci√©ndolas en el momento, restaurantes y juegos para los mas peque√±os.",,8 de junio de 2016,sept de 2015
,paseo por el centro de Tlaxcala,"muy bonito y agradable nos toc√≥ un evento de musica regional Tlaxcalteca sus construcciones, y algo muy especial ah√≠ en el centro donde hay una tienda OXXo una columna que era utilizada como picota para castigar a los reos en la √©poca hisp√°nica, una fuente del siglo XVIII, donada por el rey de Espa√±a, en el palacio de Justicia, las piedras labradas lcon la Bula Papal y el escudo de Armas de Espa√±a, espectaculares, se repira tranquilidad y alegr√≠a por todos lados. no te lo pierdas","Tlaxcala, M√©xico",1 de junio de 2016,jun de 2016
,Bueno ,"Pues no hay tantas cosas que hacer, existe un limitado n√∫mero de actividades aunque es muy tranquilo y sirve para relajarse! ",,3 de mayo de 2016,may de 2016
,Sin duda vale la pena el tiempo,"El Centro Hist√≥rico de Tlaxcala es uno de los m√°s compactos de todo el pa√≠s; un agradable paseo a trav√©s de un centro hist√≥rico de gran importancia. Incluso si no est√°s ""en"" la historia de M√©xico, la importancia de la ciudad y del estado como punto de montaje para Cortez, etc., podr√° disfrutar de un agradable paseo a trav√©s de este centro, con una de las m√°s antiguas catedrales del pa√≠s y anillos de toros, los murales en el edificio municipal de incre√≠ble y algunos restaurantes muy buenos. Mi esposa y yo estuvimos all√≠ en agosto pasado en un viaje de un d√≠a. Alquilamos local residente Bob Cox como gu√≠a y me gustar√≠a recomendar encarecidamente hacerlo, especialmente si usted es un canadiense (US), Americano o europeo y s√≥lo un poco conocedores de la historia del estado. Pero incluso los mexicanos, muchos de los cuales quiz√°s no conoce el papel de la ciudad y el estado jug√≥ en la historia de M√©xico, se beneficiar√≠a de los conocimientos ricos Bob's de la zona.",,1 de mayo de 2016,ago de 2015
,Muy pintorezco,"Me encantaron las construcciones, el ambiente, las iglesias, la plaza de toros super bonita, aunque estaban arreglando las calles el acceso fue muy rapido","Puebla, M√©xico",26 de abril de 2016,abr de 2016
,Muy buena opci√≥n para un fin de semana y muy cerca del √°rea metropolitana,"Hay mucho que conocer, es una ciudad muy limpia, la gente amable, muy lindos lugares y una comida rica. Tiene varios museos que se pueden recorrer a pie, el de la tolerancia, regional y del arte; la bas√≠lica de ocotl√°n espectacular, esa hay que conocerla tomando un tour desde el centro en un camioncito; el teatro Xicoht√©ncatl de 1873 impresionante. Todo vale mucho la pena, tiene un hotel en el centro Posada San Francisco que era una casona remodelada, no pude quedarme porque solo fui por un d√≠a, pero me qued√© con ganas de regresar!!!","Ciudad de M√©xico, M√©xico",25 de abril de 2016,abr de 2016
,Bellos colores y jardines bien cuidados,"Casa de Piedra, edificio antiguo que funciona como hotel, los palacios de gobierno, los portales, la plaza de toros, la catedral de la Asunci√≥n y la Iglesia de San Pedro forman parte de este bello Centro Hist√≥rico de Tlaxcala.","Veracruz, M√©xico",14 de abril de 2016,mar de 2016
,Untouristy,"Hab√≠a un mont√≥n de m√°s tr√°fico desde mi √∫ltima visita y que estaban haciendo obras permanentes en varias calles que nos lo peor. Esta es una de las capitales coloniales menos visitadas por extranjeros y desde luego vale la pena pasar un d√≠a o dos, especialmente teniendo en cuenta su importancia en la historia de la conquista. Para escapar del ajetreo y el bullicio subir la colina adoquinada a la catedral, posiblemente la iglesia m√°s antigua en el pa√≠s, y que tiene un hermoso techo de estilo entre mud√©jar y el p√∫lpito desde que el primer Serm√≥n del Nuevo Mundo supuestamente predic√≥.","San Miguel de Allende, M√©xico",2 de abril de 2016,mar de 2016
,Hermoso centro.,"Muy bonito lugar, edificios antiguos y hermosos, todo est√† cerca y es muy amable la gente, es bastante tranquila la ciudad.","Ciudad de M√©xico, M√©xico",21 de marzo de 2016,mar de 2016
,Rom√°ntico y bello,"Desde que llegas a Tlaxcala sientes que est√°s en un lugar amable y maravilloso. Como en todo M√©xico, la gente es espectacular. Se puede llegar desde Puebla, tomando un autobus corriente que cuesta apenas 16 pesos (menos de un d√≥lar) a 2016. El trayecto dura algo as√≠ como hora y media. Tlaxcala es el estado m√°s seguro de M√©xico y tiene un encanto muy especial. Hay un portal en los alrededores del z√≥calo, en donde puedes comer muchas delicias, con y sin picante. Recomiendo la sopa de camarones al ajillo con nopal, es absolutamente deliciosa. Si quieres comer algo m√°s ""normal"", tambi√©n encuentras lugares donde hacerlo. Y en comida callejera encuentras de todo: dulces, quesadillas, etc. Hay varios hoteles, todos muy seguros, limpios y bonitos. En lo personal, me sent√≠ espectacular all√≠ y hubiera querido quedarme mucho m√°s tiempo, por lo tranquilo y bello del lugar.","Bogot√°, Colombia",28 de febrero de 2016,feb de 2016
,Una Ciudad muy Bonita,"Una ciudad muy hermosa, en el centro hay muchos Museos que puedes ver los fines de semana  sin costos","Ciudad de M√©xico, M√©xico",19 de febrero de 2016,may de 2015
,Hermoso ,Si vas a Tlaxcala es vital llegar al centro. Museos restaurantes bares y de todo. No tantas cosas para comprar pero si lugares para ver. Sube a Catedral. Visita plaza de toros. Capilla abierta. Mas que recomedado,,9 de febrero de 2016,feb de 2016
,VISITA TLAXCALA - EL CENTRO TE ENAMORAR√Å,"En el centro de Tlaxcala hay mucho que conocer, est√°n los murales en el palacio de gobierno, para saber un poco de la historia de este hermoso lugar, esta el portal grande, esta la plaza de toros, por la tarde se puede tomar caf√©, caminar por la calle del vecino y pasar a la iglesia del ex convento de San Francisco. ","Tlaxcala, M√©xico",6 de enero de 2016,ene de 2016
,Muy bonito lugar,"Me sorprendi√≥, es un lugar muy bello con mucha historia y en general es un estado del pa√≠s con poca promoci√≥n. Les recomiendo ampliamente Tlaxcala, con su arquitectura colonial, gastronom√≠a y sitios arqueol√≥gicos estupendos en sus alrededores.","Santiago de Quer√©taro, M√©xico",6 de enero de 2016,ago de 2015
,Regresar√©,"Es un lugar que tiene su encanto, me falto recorrer sus calles y museos as√≠ que tengo que regresar. Es un lugar muy cerca del D.F. y que vale la pena visitar.",MEXICO,3 de enero de 2016,ene de 2016
,Excelente opci√≥n para viaje en pareja y familia ,"Quede maravillada con esta ciudad!!! Aunque s√≥lo pude visitarla en un s√≥lo d√≠a me encontr√© con buenas opciones de restaurantes, puestitos de artesan√≠as, iglesias y capillas. Espero volver pronto en pareja y quedarme m√≠nimo un fin de semana. Si estas buscando hospedaje a mi me aconsejaron el Hotel San Agust√≠n. Lo googl√© y parece buena opci√≥n. ",,3 de enero de 2016,ene de 2016
,Centro historico Tlaxcala,"Muy bonito para caminar y visitar los museos e iglesias, l√°stima los ambulantes y el mal estado de la iglesia de San Jose porque esta muy descuidada y sucia por dentro",,29 de diciembre de 2015,dic de 2015
,Muy ameno a la vista en diciembre,"La plaza es muy limpia y arreglada, todo es tranquilidad, se puede estar con la familia y disfrutar la tarde, restaurantes y lugares para visitar cerca, el clima agradable y las personas locales muy gentiles, es una ciudad digna de visitar, saludos","Canc√∫n, M√©xico",27 de diciembre de 2015,dic de 2015
,Una ciudad bonita.,"El Centro de Tlaxcala es un lugar que puedes recorrer en pocos minutos,  se disfruta mucho en la tarde por la iluminaci√≥n y los restaurantes que puedes visitar. Yo recomiendo tomarse un caf√© en los portales y disfrutar del atardecer.","Ciudad de M√©xico, M√©xico",23 de diciembre de 2015,dic de 2015
,Espacio limpio y remodelado,"El ambiente del centro de la Capital Tlaxcalteca es tranquilo y acogedor. Se han preocupado por darle un buen aspecto a las calles, a los jardines y a las construcciones. La ciudad es cuna de una de las etnias mejor preparadas para la guerra, en √©pocas precolombinas, as√≠ que hay mucha historia por descubrir. Los negocios de comida ofrecen buenas opciones. Si quieres estacionarte cerca, debes llegar temprano. Hay parqu√≠metros.","Ciudad de M√©xico, M√©xico",15 de diciembre de 2015,nov de 2015
